timestamp,user_id,role,department,resource_id,resource_type,sensitivity,action,ip,success,mfa_passed,bytes
2026-06-06T02:37:00,u002,secretaire,accueil,r024,resultat_labo,sensible,export,196.24.9.9,False,False,18200
2026-06-03T20:08:00,u002,secretaire,accueil,r038,dossier_medical,interne,read,10.0.0.12,False,True,1079
2026-06-07T04:23:00,u003,infirmier,urgence,r005,dossier_admin,sensible,write,10.0.0.99,True,True,4385
2026-06-07T21:20:00,u006,patient,public,r037,dossier_medical,public,delete,10.0.0.99,True,False,13388
2026-06-02T10:28:00,u002,secretaire,accueil,r007,resultat_labo,confidentiel,delete,10.0.0.99,True,True,1825
2026-06-02T00:33:00,u006,patient,public,r007,resultat_labo,confidentiel,delete,10.0.0.12,True,False,8197
2026-06-07T10:26:00,u002,secretaire,accueil,r013,dossier_medical,interne,delete,10.0.0.13,False,True,8235
2026-06-07T14:16:00,u001,medecin,cardiologie,r029,resultat_labo,public,read,172.16.5.44,False,True,3106
2026-06-05T22:58:00,u002,secretaire,accueil,r011,journal_acces,public,delete,10.0.0.99,True,True,5444
2026-06-05T18:36:00,u004,infirmier,pediatrie,r001,dossier_medical,public,create,10.0.0.99,True,False,9397
2026-06-08T20:44:00,u004,infirmier,pediatrie,r036,resultat_labo,interne,delete,10.0.0.14,False,False,7183
2026-06-07T12:03:00,u001,medecin,cardiologie,r038,dossier_medical,interne,read,10.0.0.12,True,False,15673
2026-06-03T02:59:00,u005,admin_securite,it,r034,dossier_admin,public,read,10.0.0.12,True,True,2295
2026-06-09T00:22:00,u005,admin_securite,it,r005,dossier_admin,sensible,write,172.16.5.44,True,True,19531
2026-06-02T06:23:00,u001,medecin,cardiologie,r040,dossier_admin,interne,delete,172.16.5.44,True,True,8594
2026-06-04T01:10:00,u002,secretaire,accueil,r021,dossier_medical,interne,create,10.0.0.14,True,True,2427
2026-06-08T09:37:00,u001,medecin,cardiologie,r030,resultat_labo,confidentiel,export,10.0.0.12,True,True,16626
2026-06-05T07:18:00,u003,infirmier,urgence,r009,dossier_medical,confidentiel,read,10.0.0.14,True,True,14408
2026-06-08T07:01:00,u005,admin_securite,it,r020,dossier_medical,confidentiel,export,172.16.5.44,False,True,3444
2026-06-02T15:31:00,u002,secretaire,accueil,r017,dossier_medical,interne,read,10.0.0.13,True,True,19869
2026-06-03T15:35:00,u002,secretaire,accueil,r022,dossier_admin,sensible,create,10.0.0.14,True,True,1714
2026-06-04T11:33:00,u001,medecin,cardiologie,r028,journal_acces,sensible,read,10.0.0.13,False,True,8633
2026-06-07T14:38:00,u002,secretaire,accueil,r029,resultat_labo,public,delete,10.0.0.12,True,True,4934
2026-06-05T12:49:00,u005,admin_securite,it,r003,dossier_medical,sensible,export,10.0.0.99,True,True,10151
2026-06-05T09:42:00,u003,infirmier,urgence,r003,dossier_medical,sensible,write,10.0.0.12,True,True,18396
2026-06-03T02:12:00,u004,infirmier,pediatrie,r040,dossier_admin,interne,write,10.0.0.13,True,False,13560
2026-06-05T02:42:00,u001,medecin,cardiologie,r012,resultat_labo,interne,delete,10.0.0.13,True,True,3592
2026-06-06T16:31:00,u004,infirmier,pediatrie,r003,dossier_medical,sensible,write,10.0.0.99,True,False,11507
2026-06-03T20:52:00,u003,infirmier,urgence,r015,journal_acces,confidentiel,read,10.0.0.99,True,True,2324
2026-06-08T15:10:00,u003,infirmier,urgence,r023,dossier_admin,confidentiel,export,172.16.5.44,True,True,954
2026-06-03T08:45:00,u001,medecin,cardiologie,r017,dossier_medical,interne,export,10.0.0.14,True,False,19598
2026-06-04T21:39:00,u004,infirmier,pediatrie,r023,dossier_admin,confidentiel,delete,172.16.5.44,True,False,3839
2026-06-03T11:54:00,u004,infirmier,pediatrie,r037,dossier_medical,public,create,10.0.0.99,False,False,105
2026-06-09T03:33:00,u005,admin_securite,it,r035,journal_acces,public,write,10.0.0.12,True,True,10869
2026-06-08T21:08:00,u005,admin_securite,it,r021,dossier_medical,interne,read,10.0.0.14,True,True,13432
2026-06-09T06:23:00,u003,infirmier,urgence,r026,dossier_medical,public,create,10.0.0.13,True,True,12473
2026-06-08T08:04:00,u006,patient,public,r012,resultat_labo,interne,export,172.16.5.44,True,False,63
2026-06-03T17:23:00,u003,infirmier,urgence,r019,dossier_admin,confidentiel,delete,172.16.5.44,True,True,15286
2026-06-09T00:29:00,u004,infirmier,pediatrie,r029,resultat_labo,public,write,10.0.0.13,True,False,2828
2026-06-08T21:16:00,u003,infirmier,urgence,r033,resultat_labo,interne,export,10.0.0.13,True,True,7411
2026-06-01T14:40:00,u002,secretaire,accueil,r010,dossier_medical,sensible,read,10.0.0.99,True,True,2436
2026-06-08T11:58:00,u004,infirmier,pediatrie,r027,dossier_admin,sensible,export,10.0.0.99,True,False,16249
2026-06-03T00:17:00,u004,infirmier,pediatrie,r016,resultat_labo,interne,read,10.0.0.12,True,False,13981
2026-06-09T06:01:00,u002,secretaire,accueil,r012,resultat_labo,interne,export,172.16.5.44,True,True,4026
2026-06-06T14:52:00,u004,infirmier,pediatrie,r009,dossier_medical,confidentiel,export,172.16.5.44,True,False,10447
2026-06-07T01:50:00,u004,infirmier,pediatrie,r040,dossier_admin,interne,delete,172.16.5.44,True,False,14661
2026-06-06T10:53:00,u002,secretaire,accueil,r031,journal_acces,interne,create,10.0.0.14,True,True,17131
2026-06-04T10:59:00,u004,infirmier,pediatrie,r016,resultat_labo,interne,delete,10.0.0.14,False,False,7733
2026-06-04T23:18:00,u003,infirmier,urgence,r022,dossier_admin,sensible,export,10.0.0.13,False,True,5057
2026-06-02T01:32:00,u006,patient,public,r014,dossier_admin,public,delete,172.16.5.44,True,False,15317
2026-06-03T16:28:00,u004,infirmier,pediatrie,r004,dossier_medical,interne,delete,172.16.5.44,True,False,690
2026-06-06T18:14:00,u005,admin_securite,it,r025,resultat_labo,interne,read,10.0.0.14,True,True,13780
2026-06-08T04:43:00,u005,admin_securite,it,r035,journal_acces,public,write,10.0.0.14,True,True,1001
2026-06-08T22:38:00,u004,infirmier,pediatrie,r022,dossier_admin,sensible,delete,10.0.0.99,True,False,4232
2026-06-01T15:21:00,u005,admin_securite,it,r035,journal_acces,public,delete,10.0.0.12,True,True,14094
2026-06-03T09:37:00,u002,secretaire,accueil,r030,resultat_labo,confidentiel,read,10.0.0.14,True,True,10760
2026-06-04T11:58:00,u003,infirmier,urgence,r025,resultat_labo,interne,delete,10.0.0.12,True,True,17725
2026-06-03T21:13:00,u001,medecin,cardiologie,r023,dossier_admin,confidentiel,read,10.0.0.12,True,True,8152
2026-06-08T09:39:00,u002,secretaire,accueil,r002,dossier_admin,interne,write,10.0.0.99,True,True,18530
2026-06-09T07:00:00,u002,secretaire,accueil,r030,resultat_labo,confidentiel,create,10.0.0.13,True,True,3803
2026-06-02T13:31:00,u002,secretaire,accueil,r020,dossier_medical,confidentiel,export,10.0.0.14,False,True,12348
2026-06-02T04:45:00,u004,infirmier,pediatrie,r013,dossier_medical,interne,export,10.0.0.13,True,False,3389
2026-06-09T02:50:00,u006,patient,public,r020,dossier_medical,confidentiel,export,172.16.5.44,True,False,1395
2026-06-06T04:58:00,u003,infirmier,urgence,r035,journal_acces,public,create,10.0.0.14,False,False,13814
2026-06-06T06:22:00,u004,infirmier,pediatrie,r007,resultat_labo,confidentiel,create,10.0.0.99,True,False,5063
2026-06-07T06:28:00,u004,infirmier,pediatrie,r012,resultat_labo,interne,create,172.16.5.44,True,False,15893
2026-06-08T01:47:00,u004,infirmier,pediatrie,r028,journal_acces,sensible,create,10.0.0.13,True,False,2889
2026-06-04T02:35:00,u003,infirmier,urgence,r029,resultat_labo,public,delete,10.0.0.99,True,True,16247
2026-06-06T21:08:00,u003,infirmier,urgence,r012,resultat_labo,interne,write,10.0.0.14,True,True,19584
2026-06-07T15:46:00,u006,patient,public,r018,dossier_admin,sensible,read,10.0.0.13,True,False,2855
2026-06-06T21:24:00,u002,secretaire,accueil,r027,dossier_admin,sensible,export,10.0.0.99,True,True,16133
2026-06-02T09:24:00,u004,infirmier,pediatrie,r002,dossier_admin,interne,create,10.0.0.13,True,False,10083
2026-06-05T12:46:00,u006,patient,public,r038,dossier_medical,interne,delete,10.0.0.14,True,False,13992
2026-06-05T01:19:00,u003,infirmier,urgence,r036,resultat_labo,interne,export,196.24.9.9,False,True,6360
2026-06-07T10:19:00,u003,infirmier,urgence,r008,resultat_labo,public,write,10.0.0.99,True,True,19369
2026-06-04T13:16:00,u005,admin_securite,it,r039,dossier_admin,confidentiel,read,10.0.0.14,True,True,5929
2026-06-07T09:51:00,u003,infirmier,urgence,r001,dossier_medical,public,write,10.0.0.12,True,True,4187
2026-06-02T12:00:00,u006,patient,public,r032,resultat_labo,interne,read,10.0.0.99,True,False,15736
2026-06-03T10:20:00,u004,infirmier,pediatrie,r022,dossier_admin,sensible,read,10.0.0.99,True,False,3788
2026-06-06T22:16:00,u001,medecin,cardiologie,r026,dossier_medical,public,read,10.0.0.12,True,True,18493
2026-06-04T03:46:00,u003,infirmier,urgence,r006,resultat_labo,public,read,10.0.0.99,True,True,7445
2026-06-06T11:01:00,u005,admin_securite,it,r025,resultat_labo,interne,delete,172.16.5.44,True,True,10056
2026-06-02T00:26:00,u005,admin_securite,it,r040,dossier_admin,interne,export,10.0.0.12,True,True,6858
2026-06-04T08:15:00,u006,patient,public,r014,dossier_admin,public,read,10.0.0.13,False,False,18137
2026-06-01T08:43:00,u001,medecin,cardiologie,r011,journal_acces,public,delete,172.16.5.44,True,True,1119
2026-06-04T13:12:00,u002,secretaire,accueil,r019,dossier_admin,confidentiel,delete,10.0.0.13,False,True,19376
2026-06-06T04:05:00,u006,patient,public,r013,dossier_medical,interne,read,10.0.0.13,True,False,8754
2026-06-02T00:17:00,u002,secretaire,accueil,r005,dossier_admin,sensible,write,172.16.5.44,True,True,18701
2026-06-02T17:57:00,u003,infirmier,urgence,r029,resultat_labo,public,delete,10.0.0.99,True,True,16449
2026-06-06T07:32:00,u005,admin_securite,it,r032,resultat_labo,interne,read,10.0.0.99,True,True,19832
2026-06-02T08:56:00,u003,infirmier,urgence,r002,dossier_admin,interne,write,172.16.5.44,True,True,729
2026-06-07T21:21:00,u006,patient,public,r018,dossier_admin,sensible,read,10.0.0.13,True,False,15467
2026-06-04T11:57:00,u005,admin_securite,it,r029,resultat_labo,public,write,10.0.0.99,True,True,16162
2026-06-05T07:00:00,u001,medecin,cardiologie,r031,journal_acces,interne,delete,10.0.0.12,True,True,10857
2026-06-04T14:42:00,u004,infirmier,pediatrie,r032,resultat_labo,interne,delete,172.16.5.44,True,False,1252
2026-06-04T21:53:00,u004,infirmier,pediatrie,r006,resultat_labo,public,create,10.0.0.99,True,False,16912
2026-06-06T14:09:00,u001,medecin,cardiologie,r035,journal_acces,public,delete,172.16.5.44,False,True,16384
2026-06-01T22:05:00,u006,patient,public,r029,resultat_labo,public,write,10.0.0.13,True,False,9488
2026-06-02T17:09:00,u004,infirmier,pediatrie,r032,resultat_labo,interne,read,172.16.5.44,True,False,7891
2026-06-04T20:51:00,u006,patient,public,r011,journal_acces,public,export,10.0.0.99,False,False,3104
2026-06-06T14:00:00,u002,secretaire,accueil,r008,resultat_labo,public,read,10.0.0.13,True,True,9613
2026-06-06T01:27:00,u005,admin_securite,it,r018,dossier_admin,sensible,delete,10.0.0.13,True,True,4789
2026-06-08T03:40:00,u004,infirmier,pediatrie,r013,dossier_medical,interne,export,10.0.0.13,True,False,2337
2026-06-05T04:48:00,u003,infirmier,urgence,r027,dossier_admin,sensible,export,10.0.0.12,True,True,9833
2026-06-08T20:12:00,u005,admin_securite,it,r038,dossier_medical,interne,delete,10.0.0.99,True,True,11359
2026-06-07T12:23:00,u003,infirmier,urgence,r036,resultat_labo,interne,delete,10.0.0.14,True,True,7875
2026-06-03T23:46:00,u005,admin_securite,it,r025,resultat_labo,interne,delete,10.0.0.99,False,True,12542
2026-06-06T23:15:00,u004,infirmier,pediatrie,r010,dossier_medical,sensible,read,172.16.5.44,False,False,10928
2026-06-02T11:13:00,u001,medecin,cardiologie,r029,resultat_labo,public,export,10.0.0.12,True,True,13484
2026-06-02T04:25:00,u006,patient,public,r010,dossier_medical,sensible,delete,10.0.0.14,True,False,11143
2026-06-08T17:26:00,u005,admin_securite,it,r026,dossier_medical,public,read,172.16.5.44,True,True,10426
2026-06-07T11:44:00,u006,patient,public,r032,resultat_labo,interne,read,10.0.0.13,True,False,9466
2026-06-06T06:30:00,u002,secretaire,accueil,r006,resultat_labo,public,read,10.0.0.12,True,True,9862
2026-06-05T00:34:00,u001,medecin,cardiologie,r003,dossier_medical,sensible,read,10.0.0.14,True,True,8051
2026-06-07T18:32:00,u005,admin_securite,it,r027,dossier_admin,sensible,write,10.0.0.12,False,True,12585
2026-06-06T23:53:00,u005,admin_securite,it,r016,resultat_labo,interne,export,10.0.0.99,False,True,15109
2026-06-06T15:02:00,u003,infirmier,urgence,r001,dossier_medical,public,create,10.0.0.13,True,True,11373
2026-06-08T14:28:00,u005,admin_securite,it,r020,dossier_medical,confidentiel,delete,10.0.0.99,True,True,6577
2026-06-02T13:07:00,u004,infirmier,pediatrie,r031,journal_acces,interne,write,10.0.0.14,True,False,18885
2026-06-01T13:59:00,u003,infirmier,urgence,r019,dossier_admin,confidentiel,delete,172.16.5.44,True,True,1657
2026-06-04T14:09:00,u005,admin_securite,it,r032,resultat_labo,interne,write,10.0.0.14,True,True,6280
2026-06-09T01:04:00,u005,admin_securite,it,r017,dossier_medical,interne,write,10.0.0.12,True,True,14494
2026-06-05T11:37:00,u001,medecin,cardiologie,r038,dossier_medical,interne,write,10.0.0.14,False,True,13665
2026-06-02T20:05:00,u002,secretaire,accueil,r013,dossier_medical,interne,export,10.0.0.14,True,True,8980
2026-06-06T19:34:00,u002,secretaire,accueil,r017,dossier_medical,interne,create,10.0.0.14,True,True,15396
2026-06-03T21:36:00,u001,medecin,cardiologie,r010,dossier_medical,sensible,delete,172.16.5.44,True,True,12979
2026-06-07T10:31:00,u001,medecin,cardiologie,r017,dossier_medical,interne,read,10.0.0.14,True,True,12222
2026-06-06T16:44:00,u001,medecin,cardiologie,r015,journal_acces,confidentiel,read,172.16.5.44,True,True,7303
2026-06-08T13:30:00,u006,patient,public,r005,dossier_admin,sensible,delete,10.0.0.14,True,False,13429
2026-06-01T20:22:00,u001,medecin,cardiologie,r009,dossier_medical,confidentiel,read,10.0.0.99,True,True,7743
2026-06-05T18:07:00,u005,admin_securite,it,r009,dossier_medical,confidentiel,delete,172.16.5.44,True,True,5113
2026-06-06T21:37:00,u004,infirmier,pediatrie,r007,resultat_labo,confidentiel,export,10.0.0.14,True,False,1122
2026-06-03T19:19:00,u006,patient,public,r024,resultat_labo,sensible,delete,10.0.0.13,True,False,11934
2026-06-07T12:40:00,u001,medecin,cardiologie,r024,resultat_labo,sensible,create,10.0.0.14,False,True,4052
2026-06-08T20:58:00,u004,infirmier,pediatrie,r006,resultat_labo,public,write,172.16.5.44,True,False,749
2026-06-04T02:30:00,u001,medecin,cardiologie,r022,dossier_admin,sensible,write,10.0.0.13,True,True,18210
2026-06-03T18:58:00,u002,secretaire,accueil,r038,dossier_medical,interne,write,10.0.0.13,True,True,19579
2026-06-02T23:30:00,u001,medecin,cardiologie,r018,dossier_admin,sensible,write,10.0.0.13,True,True,894
2026-06-05T09:49:00,u002,secretaire,accueil,r001,dossier_medical,public,write,10.0.0.12,True,True,1767
2026-06-07T07:39:00,u002,secretaire,accueil,r027,dossier_admin,sensible,read,10.0.0.99,True,True,11913
2026-06-02T13:46:00,u005,admin_securite,it,r038,dossier_medical,interne,delete,172.16.5.44,True,False,17136
2026-06-08T15:40:00,u003,infirmier,urgence,r030,resultat_labo,confidentiel,read,10.0.0.99,False,True,14018
2026-06-06T21:52:00,u006,patient,public,r007,resultat_labo,confidentiel,delete,10.0.0.12,False,False,10604
2026-06-02T01:56:00,u005,admin_securite,it,r010,dossier_medical,sensible,write,172.16.5.44,True,True,10705
2026-06-07T08:52:00,u004,infirmier,pediatrie,r039,dossier_admin,confidentiel,create,172.16.5.44,True,False,14146
2026-06-08T18:46:00,u001,medecin,cardiologie,r008,resultat_labo,public,export,10.0.0.13,True,True,7537
2026-06-06T02:50:00,u001,medecin,cardiologie,r022,dossier_admin,sensible,export,196.24.9.9,False,True,12315
2026-06-02T02:19:00,u002,secretaire,accueil,r031,journal_acces,interne,read,10.0.0.12,True,True,12260
2026-06-02T00:22:00,u002,secretaire,accueil,r036,resultat_labo,interne,export,172.16.5.44,True,True,4055
2026-06-08T21:40:00,u004,infirmier,pediatrie,r023,dossier_admin,confidentiel,delete,10.0.0.12,True,False,9475
2026-06-05T08:01:00,u005,admin_securite,it,r020,dossier_medical,confidentiel,read,10.0.0.13,True,True,15850
2026-06-05T07:36:00,u002,secretaire,accueil,r007,resultat_labo,confidentiel,export,10.0.0.14,True,True,14111
2026-06-08T07:32:00,u005,admin_securite,it,r040,dossier_admin,interne,export,10.0.0.14,False,False,9004
2026-06-05T04:47:00,u006,patient,public,r020,dossier_medical,confidentiel,create,10.0.0.13,False,False,18607
2026-06-02T03:00:00,u006,patient,public,r026,dossier_medical,public,write,10.0.0.12,True,False,3056
2026-06-03T18:44:00,u006,patient,public,r034,dossier_admin,public,delete,10.0.0.14,True,False,5207
2026-06-05T00:34:00,u003,infirmier,urgence,r020,dossier_medical,confidentiel,export,10.0.0.12,True,True,1680
2026-06-04T10:18:00,u006,patient,public,r006,resultat_labo,public,delete,10.0.0.99,True,False,19942
2026-06-04T10:35:00,u004,infirmier,pediatrie,r027,dossier_admin,sensible,write,10.0.0.12,True,False,11360
2026-06-04T13:20:00,u004,infirmier,pediatrie,r008,resultat_labo,public,export,10.0.0.14,True,False,1538
2026-06-08T03:39:00,u002,secretaire,accueil,r026,dossier_medical,public,read,10.0.0.14,False,True,4546
2026-06-05T01:35:00,u003,infirmier,urgence,r019,dossier_admin,confidentiel,read,10.0.0.99,False,True,12508
2026-06-07T00:36:00,u005,admin_securite,it,r015,journal_acces,confidentiel,export,10.0.0.14,True,True,1436
2026-06-06T13:32:00,u004,infirmier,pediatrie,r002,dossier_admin,interne,read,172.16.5.44,True,False,14116
2026-06-08T14:48:00,u005,admin_securite,it,r026,dossier_medical,public,delete,10.0.0.99,True,False,10692
2026-06-06T13:38:00,u002,secretaire,accueil,r040,dossier_admin,interne,create,10.0.0.12,False,True,19346
2026-06-02T05:28:00,u004,infirmier,pediatrie,r034,dossier_admin,public,delete,10.0.0.14,True,False,7310
2026-06-02T04:51:00,u003,infirmier,urgence,r011,journal_acces,public,export,172.16.5.44,True,True,11498
2026-06-04T00:31:00,u003,infirmier,urgence,r010,dossier_medical,sensible,read,10.0.0.13,False,True,5059
2026-06-03T08:22:00,u006,patient,public,r005,dossier_admin,sensible,delete,172.16.5.44,True,False,19038
2026-06-08T15:34:00,u004,infirmier,pediatrie,r037,dossier_medical,public,export,10.0.0.14,True,False,4996
2026-06-06T16:02:00,u004,infirmier,pediatrie,r005,dossier_admin,sensible,delete,10.0.0.14,True,False,19429
2026-06-07T02:32:00,u001,medecin,cardiologie,r023,dossier_admin,confidentiel,read,10.0.0.99,True,False,12132
2026-06-08T16:02:00,u003,infirmier,urgence,r005,dossier_admin,sensible,read,172.16.5.44,True,True,19066
2026-06-06T10:48:00,u005,admin_securite,it,r003,dossier_medical,sensible,export,10.0.0.14,True,True,16478
2026-06-06T11:01:00,u002,secretaire,accueil,r004,dossier_medical,interne,read,10.0.0.14,True,True,2813
2026-06-01T18:41:00,u005,admin_securite,it,r012,resultat_labo,interne,write,10.0.0.99,True,True,5251
2026-06-04T13:14:00,u003,infirmier,urgence,r024,resultat_labo,sensible,delete,10.0.0.14,True,True,1765
2026-06-02T01:59:00,u006,patient,public,r022,dossier_admin,sensible,create,10.0.0.99,False,False,9360
2026-06-03T01:03:00,u003,infirmier,urgence,r039,dossier_admin,confidentiel,create,10.0.0.13,False,True,10215
2026-06-02T19:12:00,u006,patient,public,r026,dossier_medical,public,export,10.0.0.12,True,False,10194
2026-06-08T15:42:00,u005,admin_securite,it,r025,resultat_labo,interne,create,172.16.5.44,True,True,13924
2026-06-01T12:58:00,u005,admin_securite,it,r024,resultat_labo,sensible,create,10.0.0.13,True,True,15984
2026-06-02T21:33:00,u002,secretaire,accueil,r015,journal_acces,confidentiel,write,10.0.0.12,False,True,17737
2026-06-01T18:18:00,u006,patient,public,r034,dossier_admin,public,create,172.16.5.44,True,False,4344
2026-06-03T02:07:00,u005,admin_securite,it,r025,resultat_labo,interne,write,172.16.5.44,True,True,5474
2026-06-01T19:55:00,u006,patient,public,r029,resultat_labo,public,delete,10.0.0.13,True,False,14605
2026-06-06T10:35:00,u005,admin_securite,it,r019,dossier_admin,confidentiel,write,10.0.0.14,True,True,15418
2026-06-09T01:13:00,u002,secretaire,accueil,r024,resultat_labo,sensible,export,10.0.0.99,True,True,12563
2026-06-06T02:19:00,u005,admin_securite,it,r034,dossier_admin,public,write,172.16.5.44,True,True,8242
2026-06-05T13:21:00,u001,medecin,cardiologie,r031,journal_acces,interne,export,172.16.5.44,True,True,9390
2026-06-04T10:29:00,u001,medecin,cardiologie,r011,journal_acces,public,delete,10.0.0.13,True,True,3055
2026-06-05T07:27:00,u002,secretaire,accueil,r029,resultat_labo,public,read,10.0.0.99,True,True,7775
2026-06-05T14:22:00,u004,infirmier,pediatrie,r006,resultat_labo,public,write,10.0.0.12,False,False,11036
2026-06-01T18:27:00,u002,secretaire,accueil,r009,dossier_medical,confidentiel,create,10.0.0.99,True,True,4597
2026-06-06T10:29:00,u006,patient,public,r031,journal_acces,interne,export,10.0.0.12,False,False,672
2026-06-03T00:49:00,u003,infirmier,urgence,r014,dossier_admin,public,export,172.16.5.44,True,True,3693
2026-06-04T18:14:00,u003,infirmier,urgence,r016,resultat_labo,interne,read,10.0.0.99,False,True,15028
2026-06-07T00:29:00,u001,medecin,cardiologie,r008,resultat_labo,public,export,172.16.5.44,True,True,4754
2026-06-01T08:25:00,u003,infirmier,urgence,r028,journal_acces,sensible,export,172.16.5.44,True,True,2855
2026-06-02T02:28:00,u005,admin_securite,it,r024,resultat_labo,sensible,export,172.16.5.44,True,True,12844
2026-06-08T13:34:00,u004,infirmier,pediatrie,r003,dossier_medical,sensible,delete,10.0.0.14,True,False,582
2026-06-05T06:09:00,u003,infirmier,urgence,r005,dossier_admin,sensible,write,10.0.0.12,True,True,10945
2026-06-05T08:12:00,u002,secretaire,accueil,r003,dossier_medical,sensible,export,10.0.0.13,True,True,15274
2026-06-08T12:30:00,u006,patient,public,r031,journal_acces,interne,write,10.0.0.12,True,False,15047
2026-06-03T15:02:00,u001,medecin,cardiologie,r019,dossier_admin,confidentiel,read,10.0.0.12,True,True,10210
2026-06-07T12:17:00,u005,admin_securite,it,r026,dossier_medical,public,delete,10.0.0.13,True,True,1616
2026-06-04T10:36:00,u006,patient,public,r022,dossier_admin,sensible,read,10.0.0.99,True,False,13157
2026-06-05T17:34:00,u006,patient,public,r029,resultat_labo,public,create,10.0.0.99,True,False,16352
2026-06-04T08:49:00,u003,infirmier,urgence,r034,dossier_admin,public,read,10.0.0.12,True,True,5963
2026-06-04T23:42:00,u005,admin_securite,it,r019,dossier_admin,confidentiel,read,10.0.0.14,False,True,19796
2026-06-03T05:30:00,u006,patient,public,r028,journal_acces,sensible,delete,10.0.0.12,True,False,11602
2026-06-04T10:58:00,u005,admin_securite,it,r028,journal_acces,sensible,read,10.0.0.99,False,True,5292
2026-06-08T05:54:00,u001,medecin,cardiologie,r010,dossier_medical,sensible,delete,10.0.0.12,False,True,12053
2026-06-07T18:53:00,u003,infirmier,urgence,r025,resultat_labo,interne,read,10.0.0.99,True,True,12240
2026-06-07T20:43:00,u004,infirmier,pediatrie,r005,dossier_admin,sensible,write,10.0.0.99,True,False,10351
2026-06-04T04:09:00,u006,patient,public,r018,dossier_admin,sensible,read,10.0.0.13,False,False,16402
2026-06-07T17:22:00,u005,admin_securite,it,r025,resultat_labo,interne,read,10.0.0.14,True,True,7081
2026-06-09T05:30:00,u005,admin_securite,it,r019,dossier_admin,confidentiel,delete,10.0.0.13,True,True,14862
2026-06-02T03:58:00,u006,patient,public,r029,resultat_labo,public,export,196.24.9.9,False,False,9564
2026-06-09T07:12:00,u003,infirmier,urgence,r011,journal_acces,public,write,172.16.5.44,True,True,6635
2026-06-06T22:54:00,u002,secretaire,accueil,r016,resultat_labo,interne,read,172.16.5.44,True,True,18126
2026-06-02T07:32:00,u002,secretaire,accueil,r040,dossier_admin,interne,read,10.0.0.99,True,True,13466
2026-06-02T18:13:00,u005,admin_securite,it,r005,dossier_admin,sensible,create,10.0.0.99,True,True,17002
2026-06-07T14:32:00,u003,infirmier,urgence,r009,dossier_medical,confidentiel,export,10.0.0.13,True,True,1865
2026-06-03T01:47:00,u001,medecin,cardiologie,r034,dossier_admin,public,create,10.0.0.14,False,True,7438
2026-06-04T13:33:00,u003,infirmier,urgence,r034,dossier_admin,public,read,172.16.5.44,True,True,9972
2026-06-02T09:30:00,u005,admin_securite,it,r035,journal_acces,public,export,172.16.5.44,True,True,5102
2026-06-08T05:14:00,u002,secretaire,accueil,r040,dossier_admin,interne,create,172.16.5.44,True,False,979
2026-06-08T15:09:00,u001,medecin,cardiologie,r003,dossier_medical,sensible,export,10.0.0.13,True,True,13700
2026-06-06T23:59:00,u005,admin_securite,it,r002,dossier_admin,interne,export,10.0.0.14,True,True,13356
2026-06-02T03:55:00,u003,infirmier,urgence,r030,resultat_labo,confidentiel,read,10.0.0.99,False,True,6735
2026-06-02T23:13:00,u003,infirmier,urgence,r039,dossier_admin,confidentiel,create,10.0.0.14,True,True,11367
2026-06-05T13:10:00,u004,infirmier,pediatrie,r009,dossier_medical,confidentiel,export,10.0.0.14,True,False,7971
2026-06-04T09:02:00,u004,infirmier,pediatrie,r008,resultat_labo,public,delete,10.0.0.12,True,False,1708
2026-06-08T08:02:00,u003,infirmier,urgence,r025,resultat_labo,interne,delete,10.0.0.13,True,True,18979
2026-06-03T11:50:00,u006,patient,public,r021,dossier_medical,interne,write,172.16.5.44,True,False,15346
2026-06-06T23:48:00,u004,infirmier,pediatrie,r020,dossier_medical,confidentiel,read,10.0.0.99,False,False,16612
2026-06-03T18:44:00,u004,infirmier,pediatrie,r016,resultat_labo,interne,export,10.0.0.12,True,False,9269
2026-06-08T18:39:00,u004,infirmier,pediatrie,r039,dossier_admin,confidentiel,delete,10.0.0.12,True,False,3572
2026-06-04T08:13:00,u004,infirmier,pediatrie,r009,dossier_medical,confidentiel,create,10.0.0.14,True,False,1532
2026-06-07T19:43:00,u004,infirmier,pediatrie,r004,dossier_medical,interne,export,172.16.5.44,True,False,9506
2026-06-07T01:41:00,u001,medecin,cardiologie,r025,resultat_labo,interne,delete,10.0.0.14,True,True,3943
2026-06-05T19:33:00,u002,secretaire,accueil,r007,resultat_labo,confidentiel,create,10.0.0.14,True,True,12030
2026-06-08T04:30:00,u002,secretaire,accueil,r013,dossier_medical,interne,export,10.0.0.12,True,False,4540
2026-06-06T17:21:00,u006,patient,public,r022,dossier_admin,sensible,export,172.16.5.44,True,False,16942
2026-06-08T07:24:00,u002,secretaire,accueil,r021,dossier_medical,interne,create,172.16.5.44,False,True,9855
2026-06-07T02:31:00,u005,admin_securite,it,r022,dossier_admin,sensible,export,172.16.5.44,True,True,595
2026-06-08T23:59:00,u003,infirmier,urgence,r022,dossier_admin,sensible,read,172.16.5.44,True,True,923
2026-06-04T08:30:00,u005,admin_securite,it,r031,journal_acces,interne,export,10.0.0.12,True,True,5637
2026-06-05T15:49:00,u005,admin_securite,it,r040,dossier_admin,interne,write,10.0.0.13,True,False,3651
2026-06-06T08:25:00,u002,secretaire,accueil,r002,dossier_admin,interne,create,10.0.0.99,True,True,13497
2026-06-06T16:46:00,u005,admin_securite,it,r040,dossier_admin,interne,read,172.16.5.44,True,True,10701
2026-06-07T07:29:00,u006,patient,public,r031,journal_acces,interne,delete,10.0.0.13,True,False,15112
2026-06-07T13:10:00,u005,admin_securite,it,r022,dossier_admin,sensible,create,10.0.0.14,True,True,6350
2026-06-07T16:23:00,u002,secretaire,accueil,r018,dossier_admin,sensible,create,10.0.0.14,True,True,6842
2026-06-04T22:34:00,u006,patient,public,r032,resultat_labo,interne,delete,10.0.0.14,True,False,9480
2026-06-09T00:45:00,u001,medecin,cardiologie,r037,dossier_medical,public,export,10.0.0.99,True,True,4849
2026-06-04T14:32:00,u003,infirmier,urgence,r003,dossier_medical,sensible,read,10.0.0.99,True,True,15748
2026-06-07T11:04:00,u002,secretaire,accueil,r013,dossier_medical,interne,create,10.0.0.14,True,True,19279
2026-06-01T21:51:00,u002,secretaire,accueil,r016,resultat_labo,interne,export,10.0.0.13,True,False,13593
2026-06-02T11:27:00,u003,infirmier,urgence,r031,journal_acces,interne,write,172.16.5.44,False,True,5225
2026-06-06T18:22:00,u004,infirmier,pediatrie,r031,journal_acces,interne,write,10.0.0.14,True,False,10574
2026-06-02T08:25:00,u003,infirmier,urgence,r004,dossier_medical,interne,export,10.0.0.12,True,True,5786
2026-06-01T17:55:00,u004,infirmier,pediatrie,r012,resultat_labo,interne,delete,10.0.0.13,True,False,9535
2026-06-04T17:28:00,u001,medecin,cardiologie,r001,dossier_medical,public,export,10.0.0.14,True,True,17852
2026-06-02T20:38:00,u005,admin_securite,it,r032,resultat_labo,interne,export,10.0.0.13,True,True,10885
2026-06-08T17:01:00,u002,secretaire,accueil,r030,resultat_labo,confidentiel,create,10.0.0.12,True,True,9717
2026-06-03T07:55:00,u005,admin_securite,it,r013,dossier_medical,interne,export,10.0.0.99,True,True,16934
2026-06-05T21:27:00,u003,infirmier,urgence,r006,resultat_labo,public,read,10.0.0.13,True,True,8178
2026-06-05T16:44:00,u001,medecin,cardiologie,r017,dossier_medical,interne,write,10.0.0.14,True,True,9944
2026-06-01T11:07:00,u005,admin_securite,it,r037,dossier_medical,public,create,10.0.0.13,True,True,3923
2026-06-03T03:36:00,u004,infirmier,pediatrie,r020,dossier_medical,confidentiel,delete,10.0.0.14,True,False,3897
2026-06-05T12:21:00,u006,patient,public,r019,dossier_admin,confidentiel,export,10.0.0.13,True,False,15719
2026-06-08T05:24:00,u002,secretaire,accueil,r030,resultat_labo,confidentiel,create,172.16.5.44,True,True,17663
2026-06-04T03:34:00,u006,patient,public,r014,dossier_admin,public,export,10.0.0.12,True,False,17269
2026-06-05T10:47:00,u004,infirmier,pediatrie,r034,dossier_admin,public,read,10.0.0.12,True,False,2073
2026-06-03T15:12:00,u005,admin_securite,it,r033,resultat_labo,interne,export,10.0.0.13,True,True,17100
2026-06-09T01:45:00,u004,infirmier,pediatrie,r008,resultat_labo,public,write,10.0.0.99,True,False,3029
2026-06-01T23:11:00,u005,admin_securite,it,r029,resultat_labo,public,delete,10.0.0.99,False,True,1941
2026-06-08T23:42:00,u005,admin_securite,it,r030,resultat_labo,confidentiel,create,10.0.0.99,True,True,148
2026-06-07T21:55:00,u006,patient,public,r014,dossier_admin,public,read,10.0.0.14,False,False,2139
2026-06-02T02:50:00,u005,admin_securite,it,r004,dossier_medical,interne,delete,10.0.0.99,False,True,4487
2026-06-05T14:15:00,u006,patient,public,r027,dossier_admin,sensible,delete,10.0.0.99,True,False,12359
2026-06-02T20:18:00,u001,medecin,cardiologie,r035,journal_acces,public,create,172.16.5.44,False,True,4222
2026-06-01T08:56:00,u006,patient,public,r015,journal_acces,confidentiel,read,10.0.0.99,True,False,17890
2026-06-05T15:34:00,u004,infirmier,pediatrie,r035,journal_acces,public,write,10.0.0.14,True,False,5133
2026-06-02T14:48:00,u003,infirmier,urgence,r013,dossier_medical,interne,read,10.0.0.99,True,True,562
2026-06-02T02:22:00,u002,secretaire,accueil,r014,dossier_admin,public,read,10.0.0.99,True,True,1645
2026-06-05T21:50:00,u002,secretaire,accueil,r003,dossier_medical,sensible,delete,10.0.0.13,True,True,1899
2026-06-04T14:59:00,u002,secretaire,accueil,r033,resultat_labo,interne,write,172.16.5.44,True,True,19642
2026-06-04T00:41:00,u006,patient,public,r021,dossier_medical,interne,create,172.16.5.44,True,False,7293
2026-06-04T01:08:00,u005,admin_securite,it,r020,dossier_medical,confidentiel,export,196.24.9.9,True,True,14048
2026-06-01T20:48:00,u005,admin_securite,it,r032,resultat_labo,interne,create,10.0.0.99,True,True,10494
2026-06-05T23:28:00,u006,patient,public,r027,dossier_admin,sensible,write,10.0.0.13,True,False,17676
2026-06-03T21:32:00,u004,infirmier,pediatrie,r016,resultat_labo,interne,create,10.0.0.13,True,False,15222
2026-06-06T00:41:00,u001,medecin,cardiologie,r036,resultat_labo,interne,delete,10.0.0.13,True,True,8405
2026-06-08T16:35:00,u002,secretaire,accueil,r022,dossier_admin,sensible,read,10.0.0.14,True,True,6291
2026-06-05T14:59:00,u001,medecin,cardiologie,r018,dossier_admin,sensible,export,10.0.0.12,True,True,19303
2026-06-03T19:15:00,u006,patient,public,r036,resultat_labo,interne,delete,10.0.0.14,True,False,9984
2026-06-03T11:53:00,u001,medecin,cardiologie,r014,dossier_admin,public,read,10.0.0.99,True,True,19855
2026-06-05T20:18:00,u006,patient,public,r014,dossier_admin,public,write,10.0.0.14,True,False,12523
2026-06-08T17:08:00,u004,infirmier,pediatrie,r035,journal_acces,public,create,10.0.0.14,True,False,16853
2026-06-02T10:55:00,u004,infirmier,pediatrie,r030,resultat_labo,confidentiel,delete,10.0.0.14,True,False,6706
2026-06-06T01:01:00,u003,infirmier,urgence,r021,dossier_medical,interne,read,10.0.0.13,True,True,581
2026-06-07T23:28:00,u003,infirmier,urgence,r036,resultat_labo,interne,export,10.0.0.14,True,True,10859
2026-06-07T19:35:00,u002,secretaire,accueil,r025,resultat_labo,interne,write,10.0.0.14,True,True,16061
2026-06-06T13:50:00,u006,patient,public,r032,resultat_labo,interne,write,10.0.0.14,True,False,5596
2026-06-06T21:20:00,u002,secretaire,accueil,r035,journal_acces,public,write,172.16.5.44,True,True,1974
2026-06-02T04:17:00,u005,admin_securite,it,r003,dossier_medical,sensible,read,10.0.0.99,True,True,7633
2026-06-01T10:29:00,u001,medecin,cardiologie,r010,dossier_medical,sensible,write,10.0.0.14,True,True,15883
2026-06-01T12:17:00,u006,patient,public,r032,resultat_labo,interne,read,10.0.0.99,True,False,438
2026-06-04T11:01:00,u001,medecin,cardiologie,r034,dossier_admin,public,export,10.0.0.12,True,True,14159
2026-06-02T10:18:00,u002,secretaire,accueil,r007,resultat_labo,confidentiel,export,10.0.0.13,False,True,8321
2026-06-05T20:22:00,u003,infirmier,urgence,r018,dossier_admin,sensible,read,10.0.0.99,True,True,8019
2026-06-04T17:54:00,u006,patient,public,r015,journal_acces,confidentiel,read,10.0.0.12,True,False,3113
2026-06-05T14:59:00,u004,infirmier,pediatrie,r025,resultat_labo,interne,export,10.0.0.12,True,False,5665
2026-06-06T06:29:00,u001,medecin,cardiologie,r032,resultat_labo,interne,create,10.0.0.12,True,True,1444
2026-06-09T05:02:00,u002,secretaire,accueil,r014,dossier_admin,public,export,10.0.0.12,True,True,9237
2026-06-08T19:42:00,u005,admin_securite,it,r037,dossier_medical,public,read,10.0.0.14,False,False,6838
2026-06-05T20:45:00,u005,admin_securite,it,r010,dossier_medical,sensible,read,172.16.5.44,True,True,12801
2026-06-05T02:35:00,u006,patient,public,r035,journal_acces,public,delete,10.0.0.13,True,False,2619
2026-06-01T22:39:00,u005,admin_securite,it,r023,dossier_admin,confidentiel,read,10.0.0.12,True,True,19566
2026-06-01T16:05:00,u004,infirmier,pediatrie,r021,dossier_medical,interne,create,10.0.0.99,True,False,16126
2026-06-07T15:00:00,u002,secretaire,accueil,r023,dossier_admin,confidentiel,delete,172.16.5.44,True,True,2858
2026-06-04T03:17:00,u005,admin_securite,it,r019,dossier_admin,confidentiel,read,10.0.0.13,False,True,5105
2026-06-04T22:28:00,u006,patient,public,r025,resultat_labo,interne,create,10.0.0.12,False,False,10151
2026-06-04T09:39:00,u004,infirmier,pediatrie,r024,resultat_labo,sensible,read,10.0.0.13,False,False,14172
2026-06-07T15:28:00,u004,infirmier,pediatrie,r036,resultat_labo,interne,export,10.0.0.12,True,False,2986
2026-06-02T09:24:00,u003,infirmier,urgence,r036,resultat_labo,interne,export,10.0.0.14,True,True,454
2026-06-05T17:53:00,u003,infirmier,urgence,r027,dossier_admin,sensible,read,172.16.5.44,True,True,8004
2026-06-03T06:18:00,u005,admin_securite,it,r034,dossier_admin,public,delete,10.0.0.14,False,True,16208
2026-06-03T05:39:00,u002,secretaire,accueil,r005,dossier_admin,sensible,delete,10.0.0.14,True,True,2570
2026-06-04T03:20:00,u003,infirmier,urgence,r017,dossier_medical,interne,delete,10.0.0.13,True,True,4489
2026-06-05T20:03:00,u003,infirmier,urgence,r001,dossier_medical,public,create,10.0.0.99,True,True,10848
2026-06-06T05:35:00,u004,infirmier,pediatrie,r022,dossier_admin,sensible,export,10.0.0.14,False,False,19816
2026-06-06T18:48:00,u006,patient,public,r013,dossier_medical,interne,create,10.0.0.99,False,False,10507
2026-06-07T21:15:00,u003,infirmier,urgence,r032,resultat_labo,interne,write,10.0.0.14,True,True,12925
2026-06-07T17:58:00,u003,infirmier,urgence,r008,resultat_labo,public,write,172.16.5.44,True,True,18075
2026-06-03T17:14:00,u001,medecin,cardiologie,r030,resultat_labo,confidentiel,delete,10.0.0.12,True,True,13456
2026-06-02T22:00:00,u006,patient,public,r032,resultat_labo,interne,create,10.0.0.13,True,False,13915
2026-06-06T10:37:00,u004,infirmier,pediatrie,r005,dossier_admin,sensible,export,10.0.0.99,True,False,17560
2026-06-07T12:27:00,u005,admin_securite,it,r027,dossier_admin,sensible,read,10.0.0.14,True,True,17643
2026-06-02T13:51:00,u005,admin_securite,it,r006,resultat_labo,public,write,10.0.0.14,True,True,1501
2026-06-05T02:32:00,u005,admin_securite,it,r026,dossier_medical,public,delete,10.0.0.12,False,True,16783
2026-06-07T16:22:00,u006,patient,public,r034,dossier_admin,public,export,10.0.0.13,True,False,14657
2026-06-06T14:26:00,u003,infirmier,urgence,r026,dossier_medical,public,export,10.0.0.13,True,True,854
2026-06-04T16:40:00,u004,infirmier,pediatrie,r007,resultat_labo,confidentiel,delete,10.0.0.12,True,False,3853
2026-06-05T07:07:00,u006,patient,public,r010,dossier_medical,sensible,create,10.0.0.13,True,False,17125
2026-06-06T18:01:00,u004,infirmier,pediatrie,r023,dossier_admin,confidentiel,read,10.0.0.99,True,False,10500
2026-06-01T20:12:00,u001,medecin,cardiologie,r020,dossier_medical,confidentiel,read,10.0.0.14,False,True,5435
2026-06-07T04:54:00,u006,patient,public,r016,resultat_labo,interne,write,10.0.0.14,True,False,18395
2026-06-03T23:18:00,u004,infirmier,pediatrie,r030,resultat_labo,confidentiel,delete,10.0.0.13,True,False,14210
2026-06-08T07:41:00,u004,infirmier,pediatrie,r002,dossier_admin,interne,write,10.0.0.99,True,False,12791
2026-06-03T16:11:00,u001,medecin,cardiologie,r014,dossier_admin,public,create,10.0.0.12,True,True,17642
2026-06-05T01:00:00,u002,secretaire,accueil,r024,resultat_labo,sensible,write,10.0.0.14,True,True,16089
2026-06-08T03:00:00,u005,admin_securite,it,r021,dossier_medical,interne,delete,172.16.5.44,True,True,11583
2026-06-03T07:06:00,u004,infirmier,pediatrie,r040,dossier_admin,interne,create,172.16.5.44,True,False,2827
2026-06-04T21:31:00,u006,patient,public,r009,dossier_medical,confidentiel,read,10.0.0.12,True,False,6048
2026-06-07T03:29:00,u003,infirmier,urgence,r010,dossier_medical,sensible,delete,10.0.0.13,True,True,13912
2026-06-08T13:32:00,u002,secretaire,accueil,r032,resultat_labo,interne,export,10.0.0.13,True,True,16094
2026-06-03T11:05:00,u003,infirmier,urgence,r009,dossier_medical,confidentiel,create,172.16.5.44,True,False,11814
2026-06-02T21:16:00,u001,medecin,cardiologie,r032,resultat_labo,interne,write,172.16.5.44,True,True,16269
2026-06-06T01:29:00,u004,infirmier,pediatrie,r032,resultat_labo,interne,delete,10.0.0.12,True,False,18576
2026-06-04T15:45:00,u001,medecin,cardiologie,r015,journal_acces,confidentiel,read,172.16.5.44,True,True,15035
2026-06-07T03:06:00,u001,medecin,cardiologie,r032,resultat_labo,interne,export,196.24.9.9,False,True,12071
2026-06-06T08:31:00,u005,admin_securite,it,r003,dossier_medical,sensible,export,10.0.0.99,True,True,8161
2026-06-06T10:48:00,u003,infirmier,urgence,r003,dossier_medical,sensible,create,10.0.0.12,True,True,3896
2026-06-08T00:32:00,u002,secretaire,accueil,r014,dossier_admin,public,create,172.16.5.44,True,True,5488
2026-06-03T16:25:00,u005,admin_securite,it,r009,dossier_medical,confidentiel,write,172.16.5.44,True,True,9260
2026-06-03T05:58:00,u005,admin_securite,it,r035,journal_acces,public,create,10.0.0.14,True,True,8810
2026-06-02T21:01:00,u005,admin_securite,it,r007,resultat_labo,confidentiel,delete,10.0.0.14,True,True,4207
2026-06-04T04:10:00,u006,patient,public,r009,dossier_medical,confidentiel,write,10.0.0.13,True,False,12918
2026-06-07T21:40:00,u004,infirmier,pediatrie,r010,dossier_medical,sensible,create,10.0.0.99,True,False,14860
2026-06-05T22:00:00,u001,medecin,cardiologie,r006,resultat_labo,public,export,10.0.0.14,True,True,16042
2026-06-01T08:40:00,u003,infirmier,urgence,r038,dossier_medical,interne,read,10.0.0.99,True,True,11788
2026-06-05T20:36:00,u001,medecin,cardiologie,r035,journal_acces,public,write,10.0.0.13,True,True,10629
2026-06-07T13:27:00,u003,infirmier,urgence,r022,dossier_admin,sensible,export,10.0.0.99,False,True,1636
2026-06-08T10:59:00,u001,medecin,cardiologie,r007,resultat_labo,confidentiel,delete,10.0.0.13,False,True,72
2026-06-09T04:01:00,u004,infirmier,pediatrie,r013,dossier_medical,interne,write,10.0.0.14,True,False,5259
2026-06-08T18:44:00,u003,infirmier,urgence,r006,resultat_labo,public,create,10.0.0.14,True,True,5473
2026-06-08T10:49:00,u001,medecin,cardiologie,r026,dossier_medical,public,create,10.0.0.13,True,True,3038
2026-06-01T08:17:00,u006,patient,public,r007,resultat_labo,confidentiel,write,10.0.0.13,True,False,19503
2026-06-09T01:40:00,u002,secretaire,accueil,r034,dossier_admin,public,delete,10.0.0.14,False,True,13888
2026-06-06T18:26:00,u006,patient,public,r009,dossier_medical,confidentiel,read,10.0.0.12,True,False,3406
2026-06-05T12:22:00,u001,medecin,cardiologie,r021,dossier_medical,interne,create,10.0.0.13,False,True,4731
2026-06-07T17:48:00,u001,medecin,cardiologie,r034,dossier_admin,public,read,10.0.0.13,True,True,7031
2026-06-06T00:25:00,u006,patient,public,r010,dossier_medical,sensible,export,10.0.0.13,True,False,2890
2026-06-02T17:37:00,u001,medecin,cardiologie,r009,dossier_medical,confidentiel,export,10.0.0.14,True,True,10355
2026-06-04T11:37:00,u002,secretaire,accueil,r016,resultat_labo,interne,read,172.16.5.44,True,True,19959
2026-06-08T19:47:00,u003,infirmier,urgence,r002,dossier_admin,interne,create,172.16.5.44,True,True,12886
2026-06-04T01:21:00,u003,infirmier,urgence,r004,dossier_medical,interne,delete,10.0.0.13,True,True,19511
2026-06-01T11:17:00,u001,medecin,cardiologie,r034,dossier_admin,public,create,10.0.0.13,True,True,18674
2026-06-07T13:11:00,u004,infirmier,pediatrie,r024,resultat_labo,sensible,write,10.0.0.12,True,False,596
2026-06-01T11:45:00,u005,admin_securite,it,r005,dossier_admin,sensible,create,10.0.0.12,True,True,13090
2026-06-08T11:38:00,u005,admin_securite,it,r019,dossier_admin,confidentiel,export,10.0.0.99,True,True,2750
2026-06-07T10:48:00,u006,patient,public,r035,journal_acces,public,export,10.0.0.12,False,False,10205
2026-06-03T15:29:00,u001,medecin,cardiologie,r033,resultat_labo,interne,write,10.0.0.99,True,True,2216
2026-06-04T01:09:00,u003,infirmier,urgence,r028,journal_acces,sensible,read,10.0.0.99,True,True,20000
2026-06-08T21:53:00,u001,medecin,cardiologie,r020,dossier_medical,confidentiel,write,10.0.0.13,False,True,5418
2026-06-07T06:48:00,u004,infirmier,pediatrie,r023,dossier_admin,confidentiel,export,10.0.0.14,True,False,5521
2026-06-04T09:23:00,u003,infirmier,urgence,r009,dossier_medical,confidentiel,read,10.0.0.12,True,True,14118
2026-06-02T01:26:00,u003,infirmier,urgence,r034,dossier_admin,public,create,172.16.5.44,True,True,16307
2026-06-05T10:20:00,u004,infirmier,pediatrie,r033,resultat_labo,interne,read,172.16.5.44,True,False,5518
2026-06-04T05:39:00,u003,infirmier,urgence,r011,journal_acces,public,read,10.0.0.12,True,True,16723
2026-06-01T11:21:00,u001,medecin,cardiologie,r003,dossier_medical,sensible,write,10.0.0.14,False,True,4967
2026-06-07T14:58:00,u002,secretaire,accueil,r003,dossier_medical,sensible,delete,10.0.0.13,True,True,10533
2026-06-07T20:04:00,u003,infirmier,urgence,r005,dossier_admin,sensible,create,10.0.0.12,False,True,16950
2026-06-02T02:49:00,u001,medecin,cardiologie,r026,dossier_medical,public,delete,10.0.0.14,True,True,18173
2026-06-05T12:44:00,u004,infirmier,pediatrie,r001,dossier_medical,public,write,10.0.0.14,True,False,7998
2026-06-08T01:34:00,u004,infirmier,pediatrie,r024,resultat_labo,sensible,delete,10.0.0.13,True,False,17959
2026-06-01T09:44:00,u002,secretaire,accueil,r010,dossier_medical,sensible,delete,172.16.5.44,False,True,364
2026-06-08T19:29:00,u003,infirmier,urgence,r001,dossier_medical,public,delete,10.0.0.14,True,True,17410
2026-06-06T22:21:00,u002,secretaire,accueil,r027,dossier_admin,sensible,read,10.0.0.13,True,True,3098
2026-06-07T05:55:00,u001,medecin,cardiologie,r015,journal_acces,confidentiel,delete,10.0.0.14,True,True,2832
2026-06-07T02:00:00,u005,admin_securite,it,r007,resultat_labo,confidentiel,write,10.0.0.99,True,True,18656
2026-06-08T20:53:00,u001,medecin,cardiologie,r028,journal_acces,sensible,write,10.0.0.14,True,True,12926
2026-06-04T22:51:00,u006,patient,public,r021,dossier_medical,interne,delete,10.0.0.12,True,False,6692
2026-06-02T13:45:00,u002,secretaire,accueil,r038,dossier_medical,interne,write,10.0.0.99,False,True,13370
2026-06-05T09:50:00,u001,medecin,cardiologie,r035,journal_acces,public,write,10.0.0.99,True,True,3979
2026-06-09T03:20:00,u001,medecin,cardiologie,r011,journal_acces,public,create,172.16.5.44,True,False,10791
2026-06-04T03:46:00,u002,secretaire,accueil,r006,resultat_labo,public,create,10.0.0.12,True,True,8575
2026-06-05T22:25:00,u002,secretaire,accueil,r002,dossier_admin,interne,delete,172.16.5.44,True,True,15190
2026-06-02T17:09:00,u001,medecin,cardiologie,r009,dossier_medical,confidentiel,read,10.0.0.13,False,True,13176
2026-06-07T23:00:00,u003,infirmier,urgence,r006,resultat_labo,public,export,10.0.0.12,True,False,2162
2026-06-02T19:10:00,u002,secretaire,accueil,r029,resultat_labo,public,read,10.0.0.14,True,True,15155
2026-06-07T20:42:00,u001,medecin,cardiologie,r011,journal_acces,public,delete,10.0.0.99,True,True,12591
2026-06-03T07:11:00,u006,patient,public,r028,journal_acces,sensible,create,10.0.0.13,True,False,9060
2026-06-03T00:35:00,u003,infirmier,urgence,r029,resultat_labo,public,read,172.16.5.44,True,True,9720
2026-06-07T14:22:00,u004,infirmier,pediatrie,r027,dossier_admin,sensible,delete,10.0.0.14,False,False,12600
2026-06-03T14:27:00,u002,secretaire,accueil,r027,dossier_admin,sensible,export,172.16.5.44,True,True,12583
2026-06-06T18:59:00,u006,patient,public,r023,dossier_admin,confidentiel,export,10.0.0.14,True,False,18585
2026-06-05T18:03:00,u005,admin_securite,it,r021,dossier_medical,interne,create,10.0.0.14,False,True,1010
2026-06-06T16:48:00,u003,infirmier,urgence,r004,dossier_medical,interne,export,172.16.5.44,True,True,5280
2026-06-08T19:22:00,u001,medecin,cardiologie,r016,resultat_labo,interne,write,10.0.0.12,True,True,7239
2026-06-05T08:53:00,u005,admin_securite,it,r025,resultat_labo,interne,write,172.16.5.44,False,True,11806
2026-06-09T07:17:00,u005,admin_securite,it,r002,dossier_admin,interne,create,172.16.5.44,True,True,6218
2026-06-04T20:23:00,u004,infirmier,pediatrie,r035,journal_acces,public,write,10.0.0.12,True,False,1890
2026-06-03T03:44:00,u001,medecin,cardiologie,r039,dossier_admin,confidentiel,export,196.24.9.9,False,True,4325
2026-06-05T00:21:00,u003,infirmier,urgence,r012,resultat_labo,interne,read,172.16.5.44,False,True,4691
2026-06-05T11:38:00,u001,medecin,cardiologie,r034,dossier_admin,public,read,10.0.0.99,True,True,11078
2026-06-02T21:15:00,u003,infirmier,urgence,r021,dossier_medical,interne,write,10.0.0.99,True,True,16014
2026-06-03T07:34:00,u006,patient,public,r021,dossier_medical,interne,export,172.16.5.44,True,False,11742
2026-06-03T07:52:00,u002,secretaire,accueil,r038,dossier_medical,interne,delete,10.0.0.14,True,True,108
2026-06-05T18:55:00,u006,patient,public,r037,dossier_medical,public,export,172.16.5.44,False,False,10477
2026-06-08T14:39:00,u005,admin_securite,it,r015,journal_acces,confidentiel,export,10.0.0.99,False,True,2599
2026-06-04T23:14:00,u002,secretaire,accueil,r023,dossier_admin,confidentiel,write,10.0.0.12,True,True,11051
2026-06-04T08:25:00,u004,infirmier,pediatrie,r001,dossier_medical,public,write,10.0.0.12,True,False,11534
2026-06-01T08:20:00,u003,infirmier,urgence,r007,resultat_labo,confidentiel,read,10.0.0.99,True,True,13616
2026-06-05T07:54:00,u004,infirmier,pediatrie,r025,resultat_labo,interne,export,10.0.0.99,True,False,18991
2026-06-03T04:24:00,u006,patient,public,r015,journal_acces,confidentiel,delete,10.0.0.12,False,False,9713
2026-06-04T07:18:00,u001,medecin,cardiologie,r021,dossier_medical,interne,read,10.0.0.13,False,True,5322
2026-06-07T13:22:00,u006,patient,public,r005,dossier_admin,sensible,read,172.16.5.44,True,False,15868
2026-06-06T05:46:00,u006,patient,public,r002,dossier_admin,interne,write,10.0.0.99,True,False,5197
2026-06-05T02:24:00,u001,medecin,cardiologie,r007,resultat_labo,confidentiel,write,10.0.0.99,True,True,17748
2026-06-04T17:12:00,u003,infirmier,urgence,r019,dossier_admin,confidentiel,write,10.0.0.99,False,True,16137
2026-06-05T10:31:00,u002,secretaire,accueil,r004,dossier_medical,interne,read,10.0.0.14,True,True,19717
2026-06-02T10:29:00,u004,infirmier,pediatrie,r013,dossier_medical,interne,read,10.0.0.14,True,False,2734
2026-06-04T20:12:00,u004,infirmier,pediatrie,r008,resultat_labo,public,delete,10.0.0.14,True,False,3036
2026-06-05T17:49:00,u006,patient,public,r035,journal_acces,public,write,10.0.0.99,True,False,12154
2026-06-01T20:11:00,u002,secretaire,accueil,r029,resultat_labo,public,create,10.0.0.14,True,True,8850
2026-06-03T01:16:00,u005,admin_securite,it,r004,dossier_medical,interne,read,10.0.0.14,False,True,13615
2026-06-07T15:10:00,u005,admin_securite,it,r015,journal_acces,confidentiel,read,172.16.5.44,True,True,17597
2026-06-07T20:23:00,u006,patient,public,r031,journal_acces,interne,write,10.0.0.12,True,False,12986
2026-06-07T01:06:00,u006,patient,public,r003,dossier_medical,sensible,export,172.16.5.44,True,False,4881
2026-06-03T07:12:00,u001,medecin,cardiologie,r029,resultat_labo,public,write,10.0.0.13,True,True,13923
2026-06-03T15:08:00,u001,medecin,cardiologie,r028,journal_acces,sensible,write,10.0.0.14,True,True,2245
2026-06-07T15:55:00,u001,medecin,cardiologie,r025,resultat_labo,interne,delete,10.0.0.14,True,True,455
2026-06-08T00:26:00,u006,patient,public,r040,dossier_admin,interne,export,10.0.0.12,True,False,13630
2026-06-07T18:43:00,u002,secretaire,accueil,r010,dossier_medical,sensible,export,10.0.0.12,True,True,18488
2026-06-07T10:15:00,u001,medecin,cardiologie,r019,dossier_admin,confidentiel,create,10.0.0.14,True,True,15961
2026-06-06T17:10:00,u005,admin_securite,it,r039,dossier_admin,confidentiel,read,10.0.0.99,False,True,19994
2026-06-01T18:35:00,u006,patient,public,r026,dossier_medical,public,delete,10.0.0.14,True,False,7834
2026-06-04T09:20:00,u001,medecin,cardiologie,r031,journal_acces,interne,create,10.0.0.14,False,True,16159
2026-06-03T22:14:00,u006,patient,public,r007,resultat_labo,confidentiel,write,10.0.0.99,True,False,10564
2026-06-08T05:11:00,u003,infirmier,urgence,r027,dossier_admin,sensible,read,10.0.0.13,True,True,13392
2026-06-07T05:02:00,u006,patient,public,r032,resultat_labo,interne,create,172.16.5.44,True,False,5259
2026-06-07T02:23:00,u001,medecin,cardiologie,r020,dossier_medical,confidentiel,delete,172.16.5.44,False,True,998
2026-06-03T14:48:00,u002,secretaire,accueil,r013,dossier_medical,interne,read,10.0.0.99,True,False,11858
2026-06-04T10:48:00,u006,patient,public,r013,dossier_medical,interne,create,172.16.5.44,True,False,13057
2026-06-09T02:00:00,u006,patient,public,r008,resultat_labo,public,read,10.0.0.99,True,False,19515
2026-06-06T17:35:00,u004,infirmier,pediatrie,r012,resultat_labo,interne,export,10.0.0.14,True,False,5408
2026-06-04T13:50:00,u003,infirmier,urgence,r006,resultat_labo,public,read,10.0.0.13,True,True,7072
2026-06-09T01:03:00,u002,secretaire,accueil,r015,journal_acces,confidentiel,write,10.0.0.99,True,True,341
2026-06-08T16:46:00,u004,infirmier,pediatrie,r009,dossier_medical,confidentiel,write,10.0.0.12,True,False,7382
2026-06-04T19:24:00,u003,infirmier,urgence,r039,dossier_admin,confidentiel,create,10.0.0.99,True,True,15090
2026-06-06T15:26:00,u003,infirmier,urgence,r014,dossier_admin,public,create,172.16.5.44,True,True,3402
2026-06-08T20:52:00,u001,medecin,cardiologie,r033,resultat_labo,interne,create,172.16.5.44,True,True,9830
2026-06-06T19:32:00,u006,patient,public,r007,resultat_labo,confidentiel,read,10.0.0.14,True,False,10704
2026-06-08T19:09:00,u003,infirmier,urgence,r017,dossier_medical,interne,create,172.16.5.44,True,True,1910
2026-06-08T20:22:00,u005,admin_securite,it,r026,dossier_medical,public,create,10.0.0.12,True,True,9736
2026-06-05T22:28:00,u003,infirmier,urgence,r027,dossier_admin,sensible,delete,172.16.5.44,True,True,18794
2026-06-03T20:43:00,u002,secretaire,accueil,r022,dossier_admin,sensible,export,10.0.0.99,True,True,11797
2026-06-03T06:25:00,u005,admin_securite,it,r020,dossier_medical,confidentiel,export,10.0.0.12,True,True,8525
2026-06-03T09:59:00,u006,patient,public,r036,resultat_labo,interne,create,10.0.0.13,True,False,11691
2026-06-06T02:49:00,u002,secretaire,accueil,r020,dossier_medical,confidentiel,create,172.16.5.44,True,True,3909
2026-06-08T13:13:00,u004,infirmier,pediatrie,r004,dossier_medical,interne,export,172.16.5.44,True,False,2383
2026-06-07T00:39:00,u004,infirmier,pediatrie,r013,dossier_medical,interne,read,10.0.0.99,True,False,17411
2026-06-01T22:45:00,u003,infirmier,urgence,r027,dossier_admin,sensible,write,10.0.0.13,False,True,18708
2026-06-04T22:23:00,u004,infirmier,pediatrie,r010,dossier_medical,sensible,write,10.0.0.99,True,False,10949
2026-06-04T21:34:00,u006,patient,public,r012,resultat_labo,interne,read,10.0.0.14,False,False,6911
2026-06-03T03:15:00,u002,secretaire,accueil,r037,dossier_medical,public,delete,10.0.0.12,True,True,14261
2026-06-05T22:09:00,u006,patient,public,r028,journal_acces,sensible,delete,10.0.0.99,True,False,202
2026-06-03T14:27:00,u001,medecin,cardiologie,r035,journal_acces,public,create,10.0.0.14,True,True,17450
2026-06-09T00:47:00,u002,secretaire,accueil,r002,dossier_admin,interne,read,10.0.0.13,True,True,11333
2026-06-02T12:02:00,u003,infirmier,urgence,r009,dossier_medical,confidentiel,delete,10.0.0.14,True,True,1548
2026-06-06T12:29:00,u003,infirmier,urgence,r019,dossier_admin,confidentiel,export,10.0.0.14,True,True,4434
2026-06-05T10:05:00,u003,infirmier,urgence,r032,resultat_labo,interne,write,10.0.0.99,False,False,7400
2026-06-03T17:40:00,u006,patient,public,r009,dossier_medical,confidentiel,read,10.0.0.13,True,False,4085
2026-06-05T14:27:00,u003,infirmier,urgence,r003,dossier_medical,sensible,create,172.16.5.44,True,False,1621
2026-06-08T18:28:00,u006,patient,public,r007,resultat_labo,confidentiel,read,10.0.0.12,False,False,13706
2026-06-02T03:44:00,u006,patient,public,r025,resultat_labo,interne,export,196.24.9.9,False,False,354
2026-06-08T20:40:00,u003,infirmier,urgence,r027,dossier_admin,sensible,read,10.0.0.14,True,True,4544
2026-06-07T03:41:00,u004,infirmier,pediatrie,r007,resultat_labo,confidentiel,export,10.0.0.12,False,False,3532
2026-06-08T06:17:00,u004,infirmier,pediatrie,r013,dossier_medical,interne,write,172.16.5.44,True,False,6658
2026-06-04T16:39:00,u003,infirmier,urgence,r027,dossier_admin,sensible,write,10.0.0.99,False,True,15800
2026-06-01T08:44:00,u003,infirmier,urgence,r016,resultat_labo,interne,read,10.0.0.12,True,True,16240
2026-06-07T03:43:00,u002,secretaire,accueil,r006,resultat_labo,public,read,10.0.0.12,True,True,7624
2026-06-04T08:07:00,u004,infirmier,pediatrie,r019,dossier_admin,confidentiel,delete,10.0.0.13,False,False,1342
2026-06-09T00:48:00,u003,infirmier,urgence,r024,resultat_labo,sensible,create,10.0.0.12,True,True,1553
2026-06-08T21:08:00,u001,medecin,cardiologie,r009,dossier_medical,confidentiel,write,10.0.0.99,True,True,8841
2026-06-05T13:45:00,u006,patient,public,r006,resultat_labo,public,create,10.0.0.99,True,False,13165
2026-06-05T17:19:00,u004,infirmier,pediatrie,r018,dossier_admin,sensible,delete,10.0.0.13,True,False,3754
2026-06-03T03:31:00,u002,secretaire,accueil,r004,dossier_medical,interne,read,172.16.5.44,True,True,18693
2026-06-03T09:29:00,u006,patient,public,r029,resultat_labo,public,export,10.0.0.14,True,False,994
2026-06-06T19:54:00,u006,patient,public,r009,dossier_medical,confidentiel,delete,10.0.0.99,False,False,14490
2026-06-04T07:26:00,u001,medecin,cardiologie,r005,dossier_admin,sensible,create,172.16.5.44,False,True,18945
2026-06-03T21:09:00,u006,patient,public,r037,dossier_medical,public,create,172.16.5.44,True,False,3170
2026-06-06T19:35:00,u004,infirmier,pediatrie,r016,resultat_labo,interne,create,10.0.0.99,True,False,4921
2026-06-01T22:54:00,u005,admin_securite,it,r040,dossier_admin,interne,read,10.0.0.13,True,True,15427
2026-06-02T04:26:00,u004,infirmier,pediatrie,r011,journal_acces,public,delete,10.0.0.14,True,False,9164
2026-06-03T20:48:00,u001,medecin,cardiologie,r033,resultat_labo,interne,export,10.0.0.99,True,True,2633
2026-06-07T20:28:00,u004,infirmier,pediatrie,r029,resultat_labo,public,delete,10.0.0.99,False,False,14699
2026-06-06T23:48:00,u003,infirmier,urgence,r008,resultat_labo,public,read,10.0.0.99,False,False,18042
2026-06-08T04:59:00,u001,medecin,cardiologie,r006,resultat_labo,public,export,172.16.5.44,True,True,14999
2026-06-01T22:49:00,u003,infirmier,urgence,r024,resultat_labo,sensible,write,10.0.0.14,True,True,19709
2026-06-06T11:34:00,u004,infirmier,pediatrie,r024,resultat_labo,sensible,read,10.0.0.13,False,False,121
2026-06-08T13:01:00,u003,infirmier,urgence,r023,dossier_admin,confidentiel,create,10.0.0.14,True,True,1550
2026-06-02T22:21:00,u002,secretaire,accueil,r032,resultat_labo,interne,delete,172.16.5.44,False,True,4006
2026-06-06T12:48:00,u004,infirmier,pediatrie,r014,dossier_admin,public,write,10.0.0.12,True,False,13631
2026-06-02T17:38:00,u001,medecin,cardiologie,r038,dossier_medical,interne,delete,172.16.5.44,True,True,4461
2026-06-07T08:49:00,u004,infirmier,pediatrie,r001,dossier_medical,public,read,10.0.0.99,True,False,19223
2026-06-03T08:23:00,u004,infirmier,pediatrie,r033,resultat_labo,interne,export,10.0.0.13,False,False,3443
2026-06-08T05:31:00,u004,infirmier,pediatrie,r039,dossier_admin,confidentiel,create,10.0.0.99,True,False,13768
2026-06-04T10:42:00,u005,admin_securite,it,r016,resultat_labo,interne,delete,10.0.0.14,True,True,4420
2026-06-08T04:31:00,u002,secretaire,accueil,r027,dossier_admin,sensible,export,172.16.5.44,True,True,18189
2026-06-03T14:51:00,u006,patient,public,r014,dossier_admin,public,write,10.0.0.14,True,False,11364
2026-06-08T17:31:00,u006,patient,public,r009,dossier_medical,confidentiel,write,10.0.0.14,True,False,3831
2026-06-06T19:10:00,u003,infirmier,urgence,r036,resultat_labo,interne,export,10.0.0.99,True,True,17544
2026-06-01T11:29:00,u003,infirmier,urgence,r028,journal_acces,sensible,export,10.0.0.99,False,True,1904
2026-06-03T03:56:00,u002,secretaire,accueil,r018,dossier_admin,sensible,create,10.0.0.13,True,True,9721
2026-06-01T16:49:00,u002,secretaire,accueil,r035,journal_acces,public,create,10.0.0.12,True,True,18461
2026-06-05T18:11:00,u002,secretaire,accueil,r036,resultat_labo,interne,write,10.0.0.14,True,True,1589
2026-06-06T01:45:00,u004,infirmier,pediatrie,r025,resultat_labo,interne,create,10.0.0.12,True,False,474
2026-06-03T15:27:00,u006,patient,public,r017,dossier_medical,interne,export,10.0.0.99,True,False,7440
2026-06-08T00:40:00,u006,patient,public,r024,resultat_labo,sensible,export,10.0.0.13,True,False,6390
2026-06-03T08:26:00,u003,infirmier,urgence,r029,resultat_labo,public,read,10.0.0.13,True,True,3960
2026-06-06T05:00:00,u004,infirmier,pediatrie,r003,dossier_medical,sensible,create,10.0.0.13,True,False,5323
2026-06-01T09:32:00,u005,admin_securite,it,r017,dossier_medical,interne,create,10.0.0.13,True,False,10621
2026-06-08T10:46:00,u005,admin_securite,it,r004,dossier_medical,interne,export,10.0.0.14,True,True,18815
2026-06-02T03:54:00,u005,admin_securite,it,r023,dossier_admin,confidentiel,create,10.0.0.13,True,True,16602
2026-06-07T12:17:00,u002,secretaire,accueil,r027,dossier_admin,sensible,export,10.0.0.14,True,True,7041
2026-06-05T02:24:00,u006,patient,public,r022,dossier_admin,sensible,create,172.16.5.44,True,False,17433
2026-06-08T17:18:00,u004,infirmier,pediatrie,r036,resultat_labo,interne,read,10.0.0.14,False,False,14653
2026-06-08T09:36:00,u002,secretaire,accueil,r040,dossier_admin,interne,write,10.0.0.14,True,True,3765
2026-06-07T11:31:00,u004,infirmier,pediatrie,r017,dossier_medical,interne,create,172.16.5.44,False,False,12336
2026-06-06T09:40:00,u005,admin_securite,it,r033,resultat_labo,interne,delete,10.0.0.13,False,True,2748
2026-06-07T10:54:00,u001,medecin,cardiologie,r011,journal_acces,public,export,10.0.0.12,False,True,7035
2026-06-02T12:22:00,u006,patient,public,r028,journal_acces,sensible,write,10.0.0.99,True,False,2413
2026-06-01T14:29:00,u006,patient,public,r010,dossier_medical,sensible,delete,10.0.0.12,True,False,2917
2026-06-03T08:36:00,u001,medecin,cardiologie,r004,dossier_medical,interne,create,172.16.5.44,True,True,8525
2026-06-06T11:11:00,u004,infirmier,pediatrie,r025,resultat_labo,interne,delete,10.0.0.12,True,False,12813
2026-06-07T10:02:00,u006,patient,public,r008,resultat_labo,public,read,172.16.5.44,True,False,2122
2026-06-01T20:25:00,u006,patient,public,r038,dossier_medical,interne,read,172.16.5.44,True,False,3527
2026-06-08T05:37:00,u003,infirmier,urgence,r020,dossier_medical,confidentiel,read,10.0.0.99,True,True,1059
2026-06-07T09:40:00,u004,infirmier,pediatrie,r011,journal_acces,public,write,10.0.0.99,False,False,17932
2026-06-04T17:23:00,u003,infirmier,urgence,r010,dossier_medical,sensible,create,10.0.0.12,True,True,18238
2026-06-01T19:24:00,u002,secretaire,accueil,r008,resultat_labo,public,read,10.0.0.99,True,True,2839
2026-06-05T05:53:00,u003,infirmier,urgence,r014,dossier_admin,public,write,172.16.5.44,True,True,6079
2026-06-04T05:00:00,u002,secretaire,accueil,r040,dossier_admin,interne,write,172.16.5.44,False,True,18034
2026-06-02T03:58:00,u004,infirmier,pediatrie,r036,resultat_labo,interne,create,10.0.0.14,True,False,3267
2026-06-06T21:02:00,u002,secretaire,accueil,r038,dossier_medical,interne,create,10.0.0.13,True,True,2337
2026-06-06T20:40:00,u002,secretaire,accueil,r021,dossier_medical,interne,delete,10.0.0.14,True,True,5043
2026-06-05T11:31:00,u005,admin_securite,it,r037,dossier_medical,public,create,10.0.0.13,True,False,8116
2026-06-04T02:33:00,u006,patient,public,r028,journal_acces,sensible,export,196.24.9.9,False,False,15216
2026-06-04T19:24:00,u004,infirmier,pediatrie,r023,dossier_admin,confidentiel,delete,10.0.0.13,True,False,19927
2026-06-02T22:13:00,u001,medecin,cardiologie,r018,dossier_admin,sensible,export,10.0.0.12,True,True,660
2026-06-07T22:53:00,u005,admin_securite,it,r002,dossier_admin,interne,export,172.16.5.44,True,True,1251
2026-06-07T12:24:00,u005,admin_securite,it,r017,dossier_medical,interne,export,10.0.0.13,True,True,7367
2026-06-02T20:33:00,u005,admin_securite,it,r019,dossier_admin,confidentiel,delete,10.0.0.12,True,True,16505
2026-06-08T07:40:00,u001,medecin,cardiologie,r016,resultat_labo,interne,write,10.0.0.13,True,True,5920
2026-06-08T20:03:00,u005,admin_securite,it,r037,dossier_medical,public,write,10.0.0.99,True,True,1374
2026-06-03T23:16:00,u002,secretaire,accueil,r032,resultat_labo,interne,read,10.0.0.13,True,False,6825
2026-06-05T17:58:00,u005,admin_securite,it,r024,resultat_labo,sensible,delete,10.0.0.12,True,False,10669
2026-06-08T13:00:00,u001,medecin,cardiologie,r034,dossier_admin,public,create,10.0.0.14,True,True,18733
2026-06-08T18:29:00,u002,secretaire,accueil,r025,resultat_labo,interne,delete,10.0.0.12,True,True,12381
2026-06-05T22:49:00,u002,secretaire,accueil,r034,dossier_admin,public,create,10.0.0.14,True,True,15847
2026-06-07T01:02:00,u005,admin_securite,it,r001,dossier_medical,public,write,10.0.0.13,True,True,9251
2026-06-03T11:02:00,u002,secretaire,accueil,r010,dossier_medical,sensible,write,10.0.0.12,True,True,13636
2026-06-06T19:29:00,u003,infirmier,urgence,r008,resultat_labo,public,delete,172.16.5.44,True,True,13514
